{
"addresses":
[
	{'lat': 50.94034043105991, 'housenumber': '1', 'pcode': 8840, 'street': '14e Liniestraat', 'lon': 3.069231616879834}
	{'lat': 50.941440884390296, 'housenumber': '2', 'pcode': 8840, 'street': '14e Liniestraat', 'lon': 3.068727280820821}
	{'lat': 50.94054803148004, 'housenumber': '3', 'pcode': 8840, 'street': '14e Liniestraat', 'lon': 3.0694030311769263}
	{'pcode': 8840, 'street': '14e Liniestraat', 'housenumber': '3A'}
	{'lat': 50.94060600065493, 'housenumber': '5', 'pcode': 8840, 'street': '14e Liniestraat', 'lon': 3.070174254035349}
	{'lat': 50.94067219014151, 'housenumber': '7', 'pcode': 8840, 'street': '14e Liniestraat', 'lon': 3.0705015614650426}
	{'lat': 50.94078106393334, 'housenumber': '9', 'pcode': 8840, 'street': '14e Liniestraat', 'lon': 3.0708840401040374}
],
"pcode": 8840,
"name": 14e Liniestraat
}
