{
"addresses":
[
	{'lat': 50.941204949707895, 'housenumber': '1', 'pcode': 8840, 'street': '1e Jagersstraat', 'lon': 3.07049109329208}
	{'lat': 50.94100504488913, 'housenumber': '2', 'pcode': 8840, 'street': '1e Jagersstraat', 'lon': 3.069543067118309}
	{'lat': 50.941450932382565, 'housenumber': '3', 'pcode': 8840, 'street': '1e Jagersstraat', 'lon': 3.070336294860351}
	{'lat': 50.94123900533904, 'housenumber': '4', 'pcode': 8840, 'street': '1e Jagersstraat', 'lon': 3.0694150652234633}
	{'lat': 50.94167393661578, 'housenumber': '5', 'pcode': 8840, 'street': '1e Jagersstraat', 'lon': 3.070201199137024}
	{'lat': 50.941478863049504, 'housenumber': '6', 'pcode': 8840, 'street': '1e Jagersstraat', 'lon': 3.0692837681195106}
	{'lat': 50.94194977783446, 'housenumber': '7', 'pcode': 8840, 'street': '1e Jagersstraat', 'lon': 3.070039167721743}
	{'lat': 50.94171141077869, 'housenumber': '8', 'pcode': 8840, 'street': '1e Jagersstraat', 'lon': 3.0691418570831215}
],
"pcode": 8840,
"name": 1e Jagersstraat
}
