{
  "streets": [
    {
      "b": 50.72688768598677, 
      "l": 5.421749974604053, 
      "name": "Crisn\u00e9estraat", 
      "numOfAddr": 1, 
      "r": 5.421749974604053, 
      "sanName": "crisnestraat", 
      "t": 50.72688768598677
    }, 
    {
      "b": 50.725906870605236, 
      "l": 5.422217841269298, 
      "name": "Dorpsstraat", 
      "numOfAddr": 24, 
      "r": 5.428756265166335, 
      "sanName": "dorpsstraat", 
      "t": 50.72836981222333
    }, 
    {
      "b": 50.72679280173023, 
      "l": 5.426291318009582, 
      "name": "Kerkstraat", 
      "numOfAddr": 5, 
      "r": 5.427737615880897, 
      "sanName": "kerkstraat", 
      "t": 50.72781825299501
    }, 
    {
      "b": 50.72438193863072, 
      "l": 5.425550077747022, 
      "name": "Villers-l'Ev\u00eaque straat", 
      "numOfAddr": 1, 
      "r": 5.425550077747022, 
      "sanName": "villerslevquestraat", 
      "t": 50.72438193863072
    }
  ]
}