{
  "streets": [
    {
      "latmax": 50.72688768598677, 
      "name": "Crisn\u0082estraat", 
      "lonmin": 5.421749974604053, 
      "sanName": "crisnestraat", 
      "numOfAddr": 1, 
      "lonmax": 5.421749974604053, 
      "latmin": 50.72688768598677
    }, 
    {
      "latmax": 50.72836981222333, 
      "name": "Dorpsstraat", 
      "lonmin": 5.422217841269298, 
      "sanName": "dorpsstraat", 
      "numOfAddr": 24, 
      "lonmax": 5.428756265166335, 
      "latmin": 50.725906870605236
    }, 
    {
      "latmax": 50.72781825299501, 
      "name": "Kerkstraat", 
      "lonmin": 5.426291318009582, 
      "sanName": "kerkstraat", 
      "numOfAddr": 5, 
      "lonmax": 5.427737615880897, 
      "latmin": 50.72679280173023
    }, 
    {
      "latmax": 50.72438193863072, 
      "name": "Villers-l'Ev\u0088que straat", 
      "lonmin": 5.425550077747022, 
      "sanName": "villerslevquestraat", 
      "numOfAddr": 1, 
      "lonmax": 5.425550077747022, 
      "latmin": 50.72438193863072
    }
  ]
}