{
  "streets": [
    {
      "b": 50.83503454309229, 
      "l": 5.3334285441741915, 
      "name": "Drienootstraat", 
      "numOfAddr": 2, 
      "r": 5.333535052103915, 
      "sanName": "drienootstraat", 
      "t": 50.83504984864466
    }, 
    {
      "b": 50.82916429038601, 
      "l": 5.327529088268401, 
      "name": "Hertenstraat", 
      "numOfAddr": 36, 
      "r": 5.336823986726375, 
      "sanName": "hertenstraat", 
      "t": 50.83452186995254
    }, 
    {
      "b": 50.8228846903544, 
      "l": 5.338370760053614, 
      "name": "Steenweg Borgloon", 
      "numOfAddr": 8, 
      "r": 5.339238146455509, 
      "sanName": "steenwegborgloon", 
      "t": 50.824244300751474
    }
  ]
}