{
  "streets": [
    {
      "latmax": 50.83504984864466, 
      "name": "Drienootstraat", 
      "lonmin": 5.3334285441741915, 
      "sanName": "drienootstraat", 
      "numOfAddr": 2, 
      "lonmax": 5.333535052103915, 
      "latmin": 50.83503454309229
    }, 
    {
      "latmax": 50.83452186995254, 
      "name": "Hertenstraat", 
      "lonmin": 5.327529088268401, 
      "sanName": "hertenstraat", 
      "numOfAddr": 36, 
      "lonmax": 5.336823986726375, 
      "latmin": 50.82916429038601
    }, 
    {
      "latmax": 50.824244300751474, 
      "name": "Steenweg Borgloon", 
      "lonmin": 5.338370760053614, 
      "sanName": "steenwegborgloon", 
      "numOfAddr": 8, 
      "lonmax": 5.339238146455509, 
      "latmin": 50.8228846903544
    }
  ]
}